-- phpMyAdmin SQL Dump
-- version 5.2.1
-- https://www.phpmyadmin.net/
--
-- Host: 127.0.0.1
-- Generation Time: May 20, 2025 at 09:15 AM
-- Server version: 10.4.32-MariaDB
-- PHP Version: 8.2.12

SET SQL_MODE = "NO_AUTO_VALUE_ON_ZERO";
START TRANSACTION;
SET time_zone = "+00:00";


/*!40101 SET @OLD_CHARACTER_SET_CLIENT=@@CHARACTER_SET_CLIENT */;
/*!40101 SET @OLD_CHARACTER_SET_RESULTS=@@CHARACTER_SET_RESULTS */;
/*!40101 SET @OLD_COLLATION_CONNECTION=@@COLLATION_CONNECTION */;
/*!40101 SET NAMES utf8mb4 */;

--
-- Database: `dbpus`
--

-- --------------------------------------------------------

--
-- Table structure for table `admin`
--

CREATE TABLE `admin` (
  `username` varchar(50) NOT NULL,
  `password` varchar(100) NOT NULL
) ENGINE=InnoDB DEFAULT CHARSET=utf8mb4 COLLATE=utf8mb4_general_ci;

--
-- Dumping data for table `admin`
--

INSERT INTO `admin` (`username`, `password`) VALUES
('nanashi', 'a');

-- --------------------------------------------------------

--
-- Table structure for table `tbanggota`
--

CREATE TABLE `tbanggota` (
  `idanggota` varchar(5) NOT NULL,
  `nama` varchar(30) NOT NULL,
  `jeniskelamin` varchar(10) NOT NULL,
  `alamat` varchar(40) NOT NULL,
  `status` varchar(20) NOT NULL
) ENGINE=InnoDB DEFAULT CHARSET=latin1 COLLATE=latin1_swedish_ci;

--
-- Dumping data for table `tbanggota`
--

INSERT INTO `tbanggota` (`idanggota`, `nama`, `jeniskelamin`, `alamat`, `status`) VALUES
('AG002', 'Aini Rahmawati', 'Wanita', 'Jl.Anggrek No 45', 'Sedang Meminjam'),
('AG003', 'Rudi Hartono', 'Pria', 'Jl.Manggis 98', 'Sedang Meminjam'),
('AG004', 'Dino Riano', 'Pria', 'Jl.Melon No 33', 'Sedang Meminjam'),
('AG005', 'Agus Wardoyo', 'Pria', 'Jl.Cempedak No 88', 'Tidak Meminjam'),
('AG006', 'Shinta Riani', 'Wanita', 'JL.Jeruk No 1', 'Sedang Meminjam'),
('AG007', 'Irwan Hakim', 'Pria', 'Jl.Salak No 34', 'Tidak Meminjam'),
('AG008', 'Indah Dian', 'Wanita', 'Jl.Semangka No 23', 'Tidak Meminjam'),
('AG009', 'Rina Auliah', 'Wanita', 'Jl.Merpati No 44', 'Tidak Meminjam'),
('AG010', 'M RIZKY ANDIKA', 'WANITA', 'JL TERATAI NO 28', 'TIDAK MEMINJAM'),
('AG011', 'MARLIN Pp', 'Perempuan', 'JL SURIjjf', 'Tidak meminjam'),
('AG012', 'ASU', 'PRIA', 'Jl. mangga', 'SEDANG MEMINJAM'),
('AG013', 'MASRO', 'WANITA', 'JL KANG', 'TIDAK MEMINJAM');

-- --------------------------------------------------------

--
-- Table structure for table `tbbuku`
--

CREATE TABLE `tbbuku` (
  `idbuku` varchar(5) NOT NULL,
  `judulbuku` varchar(50) NOT NULL,
  `kategori` varchar(50) NOT NULL,
  `pengarang` varchar(40) NOT NULL,
  `penerbit` varchar(40) NOT NULL,
  `status` varchar(10) NOT NULL
) ENGINE=InnoDB DEFAULT CHARSET=latin1 COLLATE=latin1_swedish_ci;

--
-- Dumping data for table `tbbuku`
--

INSERT INTO `tbbuku` (`idbuku`, `judulbuku`, `kategori`, `pengarang`, `penerbit`, `status`) VALUES
('BK001', 'Belajar PHP', 'Ilmu Komputer', 'Candra', 'Media Baca', 'Tersedia'),
('BK002', 'Belajar HTML', 'Ilmu Komputer', 'Rahmat Hakim', 'Media Baca', 'Tersedia'),
('BK003', 'Kumpulan Puisi', 'Karya Sastra', 'Bejo', 'Media Kita', 'Tersedia'),
('BK004', 'Sejarah Islam', 'Ilmu Agama', 'Sutejo', 'Media Kita', 'Dipinjam'),
('BK005', 'Pintar CSS', 'Ilmu Komputer', 'Anton', 'Graha Buku', 'Tersedia'),
('BK006', 'Kumpulan Cerpen', 'Karya Sastra', 'Rudi', 'Media Aksara', 'Dipinjam'),
('BK007', 'Keamanan Data', 'Ilmu Komputer', 'Nusron', 'Media Cipta', 'Dipinjam'),
('BK008', 'Dasar-Dasar Database', 'Ilmu Komputer', 'Andi', 'Graha Media', 'Tersedia'),
('BK009', 'Kumpulan Cerpen 2', 'Karya Sastra', 'Sutejo', 'Media Cipta', 'Tersedia'),
('BK010', 'Peradaban Islam', 'Ilmu Agama', 'Aminnudin', 'Media Baca', 'Tersedia'),
('BK011', 'Kumpulan Cerpen 3', 'Karya Sastra', 'Rudi', 'Media Baca', 'Tersedia'),
('BK012', 'Teknologi Informasi', 'Ilmu Komputer', 'Andi A', 'aaaaaaaaaaa', 'Tersedia'),
('BK013', 'METEOR', 'NOVEL', 'TEREPIYE', 'SABAGRIP', 'DIPINJAM'),
('BK014', 'BULAN', 'NOVEL', 'SAYA', 'SABAGRIP', 'TERSEDIA');

-- --------------------------------------------------------

--
-- Table structure for table `tbtransaksi`
--

CREATE TABLE `tbtransaksi` (
  `idtransaksi` varchar(5) NOT NULL,
  `idanggota` varchar(5) NOT NULL,
  `idbuku` varchar(5) NOT NULL,
  `tglpinjam` date NOT NULL,
  `tglkembali` date NOT NULL
) ENGINE=InnoDB DEFAULT CHARSET=latin1 COLLATE=latin1_swedish_ci;

--
-- Dumping data for table `tbtransaksi`
--

INSERT INTO `tbtransaksi` (`idtransaksi`, `idanggota`, `idbuku`, `tglpinjam`, `tglkembali`) VALUES
('TR001', 'AG002', 'BK001', '2025-04-01', '2025-04-08'),
('TR002', 'AG005', 'BK010', '2025-04-18', '2025-05-03'),
('TR003', 'AG004', 'BK009', '2025-04-12', '2025-05-10'),
('TR004', 'AG005', 'BK012', '2025-04-07', '2025-05-01'),
('TR005', 'AG010', 'BK011', '2025-04-16', '2025-05-02'),
('TR006', 'AG005', 'BK010', '2025-04-15', '2025-05-10'),
('TR007', 'AG006', 'BK008', '2025-04-11', '2025-04-25'),
('TR008', 'AG007', 'BK012', '2025-05-21', '2025-05-29');

-- --------------------------------------------------------

--
-- Table structure for table `tbuser`
--

CREATE TABLE `tbuser` (
  `iduser` varchar(5) NOT NULL,
  `nama` varchar(30) NOT NULL,
  `alamat` varchar(40) NOT NULL,
  `password` varchar(8) DEFAULT NULL
) ENGINE=InnoDB DEFAULT CHARSET=latin1 COLLATE=latin1_swedish_ci;

--
-- Dumping data for table `tbuser`
--

INSERT INTO `tbuser` (`iduser`, `nama`, `alamat`, `password`) VALUES
('US001', 'Andi Rahman Hakim', 'Jl.Pramuka No 9', '1234');

--
-- Indexes for dumped tables
--

--
-- Indexes for table `admin`
--
ALTER TABLE `admin`
  ADD PRIMARY KEY (`username`);

--
-- Indexes for table `tbanggota`
--
ALTER TABLE `tbanggota`
  ADD PRIMARY KEY (`idanggota`);

--
-- Indexes for table `tbbuku`
--
ALTER TABLE `tbbuku`
  ADD PRIMARY KEY (`idbuku`);

--
-- Indexes for table `tbtransaksi`
--
ALTER TABLE `tbtransaksi`
  ADD PRIMARY KEY (`idtransaksi`);

--
-- Indexes for table `tbuser`
--
ALTER TABLE `tbuser`
  ADD PRIMARY KEY (`iduser`);
COMMIT;

/*!40101 SET CHARACTER_SET_CLIENT=@OLD_CHARACTER_SET_CLIENT */;
/*!40101 SET CHARACTER_SET_RESULTS=@OLD_CHARACTER_SET_RESULTS */;
/*!40101 SET COLLATION_CONNECTION=@OLD_COLLATION_CONNECTION */;
